date,price,open,high,low,change_pct
2021-01-01,1898.1,1897.69,1899.12,1897.39,0.09
2021-01-04,1942.28,1906.05,1944.65,1905.36,2.33
2021-01-05,1949.35,1942.65,1953.17,1934.08,0.36
2021-01-06,1918.81,1950.3,1959.6,1901.11,-1.5700000000000003
2021-01-07,1912.5,1919.4,1927.97,1906.86,-0.33
2021-01-08,1848.26,1912.9,1917.85,1828.74,-3.36
2021-01-11,1844.66,1849.34,1857.05,1817.14,-0.19
2021-01-12,1855.63,1845.34,1864.08,1837.41,0.59
2021-01-13,1843.41,1856.19,1863.26,1843.34,-0.66
2021-01-14,1846.37,1843.94,1857.59,1833.21,0.16
2021-01-15,1826.59,1846.8,1856.85,1823.21,-1.07
2021-01-18,1836.89,1828.94,1840.95,1810.46,0.56
2021-01-19,1839.34,1838.09,1845.98,1833.06,0.13
2021-01-20,1870.91,1840.05,1872.03,1832.46,1.72
2021-01-21,1869.91,1871.07,1875.45,1858.16,-0.05
2021-01-22,1852.55,1870.09,1871.17,1837.09,-0.93
2021-01-25,1854.99,1855.75,1868.45,1847.3,0.13
2021-01-26,1850.31,1855.55,1861.86,1848.36,-0.25
2021-01-27,1843.99,1850.65,1853.58,1831.29,-0.34
2021-01-28,1840.36,1844.34,1864.26,1833.81,-0.2
2021-01-29,1846.09,1840.9,1876.03,1839.56,0.31
2021-02-01,1860.16,1863.05,1871.84,1849.04,0.76
2021-02-02,1837.35,1860.84,1864.26,1829.46,-1.23
2021-02-03,1833.76,1837.49,1845.29,1829.49,-0.2
2021-02-04,1792.26,1834.34,1835.13,1785.15,-2.26
2021-02-05,1811.62,1792.49,1815.32,1791.8,1.08
2021-02-08,1830.16,1815.44,1839.15,1807.48,1.02
2021-02-09,1837.06,1830.59,1849.15,1828.63,0.38
2021-02-10,1842.22,1837.55,1855.7,1833.91,0.28
2021-02-11,1825.36,1842.65,1847.95,1820.63,-0.91
2021-02-12,1823.46,1825.9,1830.8,1810.33,-0.1
2021-02-15,1818.51,1825.34,1827.59,1815.71,-0.27
2021-02-16,1794.31,1819.34,1826.75,1789.19,-1.33
2021-02-17,1776.26,1794.65,1795.45,1769.27,-1.01
2021-02-18,1775.49,1776.69,1789.88,1767.98,-0.04
2021-02-19,1782.31,1776.19,1791.7,1760.13,0.38
2021-02-22,1808.66,1782.24,1812.76,1780.46,1.48
2021-02-23,1805.06,1809.09,1816.27,1795.78,-0.2
2021-02-24,1804.36,1805.34,1813.99,1783.3,-0.04
2021-02-25,1769.88,1804.8,1806.06,1765.44,-1.91
2021-02-26,1733.49,1770.49,1776.1,1717.26,-2.06
2021-03-01,1723.84,1733.4,1760.02,1719.52,-0.56
2021-03-02,1738.09,1724.1,1738.89,1707.18,0.83
2021-03-03,1710.95,1738.59,1740.85,1701.94,-1.56
2021-03-04,1697.19,1711.84,1723.34,1690.64,-0.8
2021-03-05,1700.86,1698.59,1707.76,1687.12,0.22
2021-03-08,1681.24,1702.8,1714.45,1676.7,-1.15
2021-03-09,1715.36,1682.55,1720.83,1679.8,2.03
2021-03-10,1726.05,1715.94,1726.76,1707.99,0.62
2021-03-11,1721.41,1726.55,1739.99,1719.38,-0.27
2021-03-12,1726.41,1721.59,1728.42,1698.85,0.29
2021-03-15,1731.84,1727.74,1734.99,1721.31,0.31
2021-03-16,1730.94,1730.57,1741.4,1725.8,-0.05
2021-03-17,1744.44,1730.61,1751.81,1724.14,0.78
2021-03-18,1736.41,1745.09,1755.59,1719.05,-0.45999999999999996
2021-03-19,1744.74,1735.9,1746.88,1728.04,0.48
2021-03-22,1738.69,1745.74,1747.18,1727.4,-0.35
2021-03-23,1727.11,1739.05,1742.85,1724.42,-0.67
2021-03-24,1734.19,1727.8,1738.56,1723.85,0.4099999999999999
2021-03-25,1726.82,1735.65,1745.95,1721.84,-0.42
2021-03-26,1731.97,1727.3,1737.01,1721.23,0.3
2021-03-29,1711.99,1732.15,1733.34,1705.58,-1.15
2021-03-30,1684.8,1712.55,1714.74,1678.85,-1.59
2021-03-31,1707.01,1685.59,1715.28,1677.93,1.32
2021-04-01,1730.18,1708.09,1730.8,1705.42,1.36
2021-04-02,1728.84,1730.47,1732.55,1728.67,-0.08
2021-04-05,1728.44,1728.74,1733.75,1721.22,-0.02
2021-04-06,1743.57,1728.49,1745.68,1726.82,0.88
2021-04-07,1737.28,1742.96,1744.57,1730.13,-0.36
2021-04-08,1755.94,1737.84,1759.13,1732.99,1.07
2021-04-09,1743.1,1756.54,1757.47,1731.09,-0.73
2021-04-12,1732.51,1743.8,1745.36,1727.18,-0.61
2021-04-13,1743.83,1732.59,1749.23,1723.27,0.65
2021-04-14,1736.0,1744.3,1749.58,1732.13,-0.45000000000000007
2021-04-15,1763.21,1737.1,1769.91,1734.1,1.5700000000000003
2021-04-16,1776.31,1763.84,1784.07,1759.79,0.74
2021-04-19,1769.31,1779.5,1790.54,1765.98,-0.39
2021-04-20,1777.25,1770.3,1780.77,1763.18,0.45000000000000007
2021-04-21,1793.46,1778.64,1797.98,1775.95,0.91
2021-04-22,1783.94,1794.15,1798.29,1776.83,-0.53
2021-04-23,1777.18,1784.33,1796.06,1770.05,-0.38
2021-04-26,1780.19,1776.34,1783.69,1768.7,0.17
2021-04-27,1776.69,1780.42,1785.9,1773.52,-0.2
2021-04-28,1781.32,1776.8,1782.85,1762.56,0.26
2021-04-29,1771.24,1780.9,1790.43,1756.19,-0.57
2021-04-30,1768.59,1772.9,1773.98,1763.73,-0.15
2021-05-03,1792.36,1768.49,1798.22,1765.91,1.34
2021-05-04,1778.48,1792.29,1799.38,1770.84,-0.77
2021-05-05,1786.44,1778.91,1788.35,1769.95,0.45000000000000007
2021-05-06,1815.18,1787.09,1818.21,1781.67,1.6099999999999999
2021-05-07,1830.48,1815.48,1843.45,1812.9,0.84
2021-05-10,1835.44,1833.24,1845.53,1830.09,0.27
2021-05-11,1836.94,1834.58,1842.32,1817.68,0.08
2021-05-12,1815.44,1837.4,1843.69,1813.0,-1.17
2021-05-13,1826.57,1815.9,1828.81,1808.78,0.61
2021-05-14,1842.19,1826.49,1845.55,1819.79,0.86
2021-05-17,1866.13,1843.84,1868.8,1841.24,1.3
2021-05-18,1868.22,1866.59,1875.4,1862.94,0.11
2021-05-19,1869.57,1869.59,1890.15,1851.94,0.07
2021-05-20,1876.69,1869.74,1884.12,1863.53,0.38
2021-05-21,1880.3,1876.84,1889.85,1870.01,0.19
2021-05-24,1881.07,1882.34,1887.44,1875.19,0.04
2021-05-25,1899.26,1880.69,1900.63,1872.73,0.97
2021-05-26,1896.44,1899.49,1913.15,1890.34,-0.15
2021-05-27,1896.08,1896.49,1903.87,1888.22,-0.02
2021-05-28,1902.64,1897.05,1905.9,1881.84,0.35
2021-05-31,1906.36,1903.69,1911.13,1901.56,0.2
2021-06-01,1900.19,1907.53,1916.84,1892.28,-0.32
2021-06-02,1907.94,1900.05,1909.34,1894.05,0.4099999999999999
2021-06-03,1870.57,1908.09,1909.89,1865.11,-1.96
2021-06-04,1889.97,1871.32,1896.6,1856.09,1.04
2021-06-07,1899.0,1888.49,1900.41,1880.88,0.48
2021-06-08,1892.82,1898.99,1903.95,1883.38,-0.33
2021-06-09,1888.3,1893.49,1899.4,1886.58,-0.24
2021-06-10,1898.14,1888.57,1900.09,1869.84,0.52
2021-06-11,1876.64,1898.42,1903.3,1874.07,-1.13
2021-06-14,1865.99,1874.59,1878.21,1844.57,-0.57
2021-06-15,1858.69,1866.26,1869.67,1851.28,-0.39
2021-06-16,1811.95,1858.96,1862.43,1804.19,-2.51
2021-06-17,1773.31,1812.18,1825.58,1766.88,-2.13
2021-06-18,1763.34,1772.73,1797.24,1761.04,-0.56
2021-06-21,1782.95,1764.44,1786.75,1764.44,1.11
2021-06-22,1778.51,1783.23,1790.42,1771.99,-0.25
2021-06-23,1778.73,1778.8,1795.18,1773.13,0.01
2021-06-24,1775.18,1779.01,1788.56,1772.67,-0.2
2021-06-25,1780.34,1775.46,1790.6,1773.27,0.29
2021-06-28,1778.18,1781.24,1785.9,1770.69,-0.12
2021-06-29,1761.09,1778.44,1779.24,1750.11,-0.96
2021-06-30,1769.8,1761.35,1774.72,1752.78,0.49
2021-07-01,1776.6,1770.06,1783.07,1765.47,0.38
2021-07-02,1786.79,1776.83,1795.4,1773.73,0.57
2021-07-05,1791.61,1787.69,1795.69,1784.09,0.27
2021-07-06,1796.69,1791.88,1815.34,1789.91,0.28
2021-07-07,1803.41,1796.96,1810.13,1793.64,0.37
2021-07-08,1802.56,1803.67,1818.7,1794.28,-0.05
2021-07-09,1807.98,1802.89,1812.71,1796.09,0.3
2021-07-12,1805.88,1807.94,1811.04,1791.21,-0.12
2021-07-13,1807.44,1806.17,1817.51,1798.54,0.09
2021-07-14,1827.06,1807.72,1830.32,1804.21,1.09
2021-07-15,1829.19,1827.35,1833.99,1820.07,0.12
2021-07-16,1810.89,1829.45,1832.2,1808.65,-1.0
2021-07-19,1812.34,1811.65,1817.56,1794.66,0.08
2021-07-20,1810.03,1812.61,1825.27,1805.06,-0.13
2021-07-21,1803.31,1810.32,1814.02,1794.18,-0.37
2021-07-22,1806.69,1803.58,1808.34,1792.11,0.19
2021-07-23,1801.34,1806.95,1810.56,1790.45,-0.3
2021-07-26,1797.27,1802.65,1811.97,1795.68,-0.22999999999999998
2021-07-27,1798.73,1797.53,1805.6,1792.83,0.08
2021-07-28,1806.88,1799.0,1809.9,1792.6,0.45000000000000007
2021-07-29,1827.95,1807.15,1833.05,1806.29,1.17
2021-07-30,1813.58,1828.21,1831.63,1809.48,-0.79
2021-08-02,1813.39,1814.34,1819.94,1805.12,-0.01
2021-08-03,1809.94,1813.64,1815.18,1806.73,-0.19
2021-08-04,1811.41,1810.6,1832.1,1806.54,0.08
2021-08-05,1804.01,1811.69,1815.45,1797.74,-0.4099999999999999
2021-08-06,1762.69,1804.28,1804.93,1758.33,-2.29
2021-08-09,1729.46,1763.34,1764.65,1684.77,-1.8900000000000001
2021-08-10,1728.71,1729.74,1738.49,1717.17,-0.04
2021-08-11,1751.56,1729.01,1754.63,1723.54,1.32
2021-08-12,1752.44,1751.66,1758.62,1741.29,0.05
2021-08-13,1779.15,1752.72,1780.53,1751.27,1.52
2021-08-16,1787.24,1778.44,1789.51,1770.38,0.45000000000000007
2021-08-17,1785.96,1787.51,1795.77,1780.28,-0.07
2021-08-18,1787.59,1786.21,1794.31,1777.31,0.09
2021-08-19,1780.18,1788.05,1792.56,1774.2,-0.4099999999999999
2021-08-20,1780.87,1780.44,1788.85,1777.96,0.04
2021-08-23,1805.2,1780.55,1806.92,1776.03,1.37
2021-08-24,1802.61,1805.61,1810.03,1799.73,-0.14
2021-08-25,1790.68,1802.86,1803.57,1782.45,-0.66
2021-08-26,1792.16,1791.09,1798.61,1779.48,0.08
2021-08-27,1816.67,1792.6,1819.38,1787.66,1.37
2021-08-30,1810.17,1817.55,1823.38,1807.28,-0.36
2021-08-31,1813.43,1810.26,1819.43,1801.47,0.18
2021-09-01,1813.66,1813.57,1820.21,1808.18,0.01
2021-09-02,1809.4,1813.92,1817.53,1804.48,-0.22999999999999998
2021-09-03,1826.19,1809.98,1834.55,1808.53,0.93
2021-09-06,1823.1,1828.66,1830.6,1820.58,-0.17
2021-09-07,1794.13,1823.27,1827.39,1792.33,-1.59
2021-09-08,1788.93,1794.41,1802.6,1781.98,-0.29
2021-09-09,1794.69,1789.19,1801.19,1783.83,0.32
2021-09-10,1787.34,1794.61,1804.15,1786.53,-0.4099999999999999
2021-09-13,1793.49,1788.55,1798.66,1783.73,0.34
2021-09-14,1804.27,1793.77,1808.99,1781.89,0.6
2021-09-15,1792.59,1804.53,1807.3,1790.28,-0.65
2021-09-16,1753.39,1794.34,1796.71,1745.04,-2.19
2021-09-17,1754.16,1753.67,1768.22,1747.07,0.04
2021-09-20,1763.88,1754.3,1767.31,1742.24,0.55
2021-09-21,1774.25,1764.19,1782.07,1757.61,0.59
2021-09-22,1767.91,1774.51,1787.51,1764.84,-0.36
2021-09-23,1742.57,1768.4,1776.6,1737.84,-1.43
2021-09-24,1749.86,1742.82,1758.08,1739.6,0.42
2021-09-27,1749.85,1751.24,1761.29,1744.19,0.0
2021-09-28,1733.68,1750.45,1754.8,1727.18,-0.9199999999999999
2021-09-29,1726.11,1733.97,1746.11,1721.07,-0.44
2021-09-30,1756.66,1726.4,1764.53,1721.67,1.77
2021-10-01,1760.36,1756.91,1764.4,1749.36,0.21
2021-10-04,1769.51,1762.15,1771.06,1747.23,0.52
2021-10-05,1759.96,1769.75,1771.03,1748.56,-0.54
2021-10-06,1762.48,1760.45,1765.78,1745.45,0.14
2021-10-07,1755.29,1762.74,1767.45,1751.38,-0.4099999999999999
2021-10-08,1756.67,1755.89,1781.6,1753.03,0.08
2021-10-11,1753.86,1757.34,1761.36,1749.68,-0.16
2021-10-12,1759.93,1754.12,1769.78,1750.47,0.35
2021-10-13,1792.65,1760.05,1796.31,1757.89,1.86
2021-10-14,1795.56,1792.75,1800.91,1786.22,0.16
2021-10-15,1767.26,1795.81,1796.89,1764.48,-1.58
2021-10-18,1764.6,1767.74,1772.3,1759.68,-0.15
2021-10-19,1768.87,1764.99,1785.53,1762.48,0.24
2021-10-20,1781.83,1769.28,1788.68,1766.5,0.73
2021-10-21,1782.76,1782.1,1789.61,1776.07,0.05
2021-10-22,1792.48,1782.89,1814.22,1782.46,0.55
2021-10-25,1807.47,1794.0,1810.18,1791.95,0.84
2021-10-26,1792.63,1807.9,1808.5,1781.98,-0.8199999999999998
2021-10-27,1796.69,1793.04,1799.38,1782.83,0.22999999999999998
2021-10-28,1798.62,1796.78,1810.49,1792.34,0.11
2021-10-29,1782.81,1799.03,1801.49,1771.7,-0.88
2021-11-01,1793.05,1783.24,1796.2,1778.89,0.57
2021-11-02,1787.28,1793.61,1796.91,1785.78,-0.32
2021-11-03,1769.52,1787.71,1788.42,1758.45,-0.9899999999999999
2021-11-04,1791.7,1769.98,1799.26,1769.13,1.25
2021-11-05,1816.73,1792.14,1818.61,1785.17,1.4
2021-11-08,1824.26,1818.44,1826.93,1812.08,0.4099999999999999
2021-11-09,1831.48,1824.74,1833.08,1817.7,0.4
2021-11-10,1849.57,1831.9,1868.7,1821.6,0.9899999999999999
2021-11-11,1861.52,1849.69,1866.35,1842.66,0.65
2021-11-12,1864.04,1861.99,1868.69,1844.78,0.14
2021-11-15,1862.46,1868.15,1870.57,1855.73,-0.09
2021-11-16,1849.91,1862.94,1877.4,1849.16,-0.67
2021-11-17,1866.96,1850.34,1868.32,1849.38,0.9199999999999999
2021-11-18,1858.46,1866.97,1871.29,1854.94,-0.45999999999999996
2021-11-19,1844.6,1858.9,1865.76,1842.98,-0.75
2021-11-22,1805.04,1846.74,1849.49,1801.95,-2.14
2021-11-23,1789.73,1805.65,1812.5,1781.63,-0.8500000000000001
2021-11-24,1788.5,1790.34,1797.01,1778.44,-0.07
2021-11-25,1788.45,1789.49,1795.65,1785.85,0.0
2021-11-26,1791.81,1788.7,1815.78,1780.79,0.19
2021-11-29,1785.01,1790.05,1799.8,1781.23,-0.38
2021-11-30,1773.78,1785.34,1809.38,1769.43,-0.63
2021-12-01,1782.66,1774.15,1794.8,1771.96,0.5
2021-12-02,1768.64,1783.05,1783.58,1761.68,-0.79
2021-12-03,1783.74,1768.84,1786.44,1765.63,0.8500000000000001
2021-12-06,1778.11,1784.79,1787.87,1775.91,-0.32
2021-12-07,1784.04,1778.08,1788.02,1771.93,0.33
2021-12-08,1782.06,1784.4,1793.6,1779.45,-0.11
2021-12-09,1774.46,1782.49,1788.05,1772.8,-0.43
2021-12-10,1782.51,1774.94,1789.47,1769.43,0.45000000000000007
2021-12-13,1786.94,1782.94,1791.78,1781.51,0.25
2021-12-14,1770.18,1787.19,1789.74,1766.31,-0.9399999999999998
2021-12-15,1777.06,1770.49,1781.04,1753.84,0.39
2021-12-16,1799.03,1777.4,1799.53,1775.43,1.24
2021-12-17,1797.68,1799.55,1814.63,1795.67,-0.07
2021-12-20,1789.32,1799.4,1804.32,1787.98,-0.4699999999999999
2021-12-21,1788.36,1789.74,1800.85,1784.58,-0.05
2021-12-22,1803.4,1788.94,1805.13,1785.41,0.84
2021-12-23,1807.91,1803.69,1811.02,1798.88,0.25
2021-12-24,1808.11,1808.19,1812.7,1801.61,0.01
2021-12-27,1810.9,1808.19,1813.74,1802.89,0.15
2021-12-28,1805.37,1811.84,1820.7,1804.38,-0.31
2021-12-29,1803.66,1805.59,1808.16,1788.94,-0.09
2021-12-30,1815.01,1803.99,1817.44,1795.78,0.63
2021-12-31,1828.39,1815.44,1830.58,1814.15,0.74
2022-01-03,1800.85,1830.14,1832.06,1797.93,-1.51
2022-01-04,1814.56,1801.34,1816.83,1798.44,0.76
2022-01-05,1809.53,1814.9,1829.82,1807.97,-0.28
2022-01-06,1788.68,1809.94,1811.89,1786.03,-1.15
2022-01-07,1795.63,1789.55,1799.2,1782.63,0.39
2022-01-10,1801.41,1795.41,1802.57,1790.43,0.32
2022-01-11,1822.01,1801.69,1823.35,1800.09,1.14
2022-01-12,1825.32,1822.49,1828.33,1814.2,0.18
2022-01-13,1822.09,1825.94,1828.38,1811.83,-0.18
2022-01-14,1817.22,1822.55,1829.66,1814.13,-0.27
2022-01-17,1818.99,1817.9,1823.72,1812.67,0.1
2022-01-18,1813.54,1819.77,1823.01,1805.53,-0.3
2022-01-19,1839.96,1813.69,1843.72,1809.97,1.46
2022-01-20,1838.36,1840.3,1848.36,1835.67,-0.09
2022-01-21,1833.24,1838.65,1843.53,1828.04,-0.28
2022-01-24,1843.06,1834.49,1844.53,1829.09,0.54
2022-01-25,1847.56,1843.34,1853.98,1834.64,0.24
2022-01-26,1818.12,1847.99,1850.44,1814.9,-1.59
2022-01-27,1796.51,1818.44,1822.51,1790.98,-1.19
2022-01-28,1791.03,1796.94,1799.82,1779.88,-0.3
2022-01-31,1796.47,1791.19,1800.23,1785.03,0.3
2022-02-01,1800.65,1796.72,1809.16,1795.13,0.22999999999999998
2022-02-02,1806.5,1800.94,1811.53,1794.11,0.32
2022-02-03,1804.4,1807.19,1809.22,1788.39,-0.12
2022-02-04,1807.49,1804.8,1815.44,1790.94,0.17
2022-02-07,1820.31,1806.99,1824.06,1806.94,0.71
2022-02-08,1825.48,1820.59,1829.09,1815.06,0.28
2022-02-09,1832.43,1826.05,1836.35,1824.5,0.38
2022-02-10,1826.57,1832.94,1842.35,1821.46,-0.32
2022-02-11,1859.96,1827.25,1865.63,1820.79,1.83
2022-02-14,1870.29,1861.55,1874.41,1850.45,0.56
2022-02-15,1853.06,1870.94,1879.89,1844.27,-0.9199999999999999
2022-02-16,1868.37,1853.4,1873.16,1849.94,0.83
2022-02-17,1897.27,1868.84,1901.57,1867.18,1.55
2022-02-18,1897.87,1897.94,1902.84,1886.16,0.03
2022-02-21,1905.63,1900.4,1908.38,1887.19,0.4099999999999999
2022-02-22,1898.13,1905.89,1914.44,1891.16,-0.39
2022-02-23,1907.55,1898.44,1911.0,1889.23,0.5
2022-02-24,1903.14,1907.99,1974.48,1879.05,-0.22999999999999998
2022-02-25,1887.56,1903.55,1921.54,1883.1,-0.8199999999999998
2022-02-28,1907.9,1920.86,1929.36,1890.59,1.08
2022-03-01,1943.22,1908.19,1950.45,1900.93,1.8500000000000003
2022-03-02,1926.11,1943.69,1948.18,1913.82,-0.88
2022-03-03,1935.21,1926.49,1941.47,1921.73,0.4699999999999999
2022-03-04,1968.45,1935.65,1970.8,1929.78,1.72
2022-03-07,1998.11,1977.09,2002.9,1960.76,1.51
2022-03-08,2052.41,1998.3,2070.29,1981.0,2.72
2022-03-09,1991.49,2052.75,2059.25,1976.3,-2.97
2022-03-10,1995.86,1991.94,2009.57,1970.66,0.22
2022-03-11,1985.29,1996.15,1999.22,1958.8,-0.53
2022-03-14,1951.11,1985.49,1990.33,1949.87,-1.72
2022-03-15,1917.84,1951.02,1954.95,1906.73,-1.71
2022-03-16,1927.93,1918.1,1929.87,1895.22,0.53
2022-03-17,1942.64,1927.56,1950.1,1923.4,0.76
2022-03-18,1921.09,1942.9,1945.51,1917.93,-1.11
2022-03-21,1935.95,1922.24,1940.69,1918.01,0.77
2022-03-22,1921.44,1935.86,1938.59,1910.89,-0.75
2022-03-23,1943.38,1922.35,1948.55,1915.32,1.14
2022-03-24,1957.48,1944.88,1966.19,1937.18,0.73
2022-03-25,1957.4,1957.49,1964.49,1943.55,0.0
2022-03-28,1923.2,1958.75,1959.36,1916.83,-1.7500000000000002
2022-03-29,1919.19,1922.95,1929.41,1890.03,-0.21
2022-03-30,1933.06,1920.07,1938.53,1915.74,0.72
2022-03-31,1937.23,1932.8,1949.92,1918.98,0.22
2022-04-01,1924.3,1937.51,1939.99,1917.56,-0.67
2022-04-04,1932.44,1924.94,1937.05,1915.55,0.42
2022-04-05,1923.76,1933.38,1944.73,1917.74,-0.45000000000000007
2022-04-06,1925.48,1923.69,1933.65,1915.24,0.09
2022-04-07,1932.17,1925.32,1938.07,1920.27,0.35
2022-04-08,1945.85,1931.92,1948.46,1927.38,0.71
2022-04-11,1953.43,1947.15,1969.41,1940.05,0.39
2022-04-12,1966.59,1953.99,1978.63,1949.48,0.67
2022-04-13,1977.72,1967.21,1981.82,1962.59,0.57
2022-04-14,1973.52,1977.78,1980.81,1960.9,-0.21
2022-04-15,1974.54,1974.28,1975.69,1973.05,0.05
2022-04-18,1978.5,1972.84,1998.6,1971.05,0.2
2022-04-19,1949.84,1979.19,1982.31,1943.8,-1.45
2022-04-20,1957.41,1950.34,1958.57,1939.16,0.39
2022-04-21,1951.49,1957.84,1958.0,1936.79,-0.3
2022-04-22,1929.73,1951.49,1955.93,1926.52,-1.12
2022-04-25,1897.69,1931.09,1934.71,1891.05,-1.66
2022-04-26,1905.56,1897.95,1911.5,1895.38,0.4099999999999999
2022-04-27,1886.12,1905.45,1907.25,1881.39,-1.02
2022-04-28,1894.34,1886.14,1897.32,1872.19,0.44
2022-04-29,1896.4,1894.43,1919.97,1892.25,0.11
2022-05-02,1862.77,1896.09,1900.1,1854.74,-1.77
2022-05-03,1867.79,1863.05,1878.19,1850.33,0.27
2022-05-04,1880.92,1868.04,1889.74,1861.17,0.7
2022-05-05,1876.84,1881.47,1910.03,1872.48,-0.22
2022-05-06,1882.96,1877.3,1892.93,1865.84,0.33
2022-05-09,1853.92,1883.8,1885.95,1851.36,-1.54
2022-05-10,1838.14,1853.74,1865.76,1835.46,-0.8500000000000001
2022-05-11,1852.12,1838.41,1857.99,1831.83,0.76
2022-05-12,1821.72,1852.58,1859.3,1820.93,-1.6399999999999997
2022-05-13,1811.15,1822.48,1829.06,1799.24,-0.58
2022-05-16,1823.79,1811.05,1827.23,1786.95,0.7
2022-05-17,1814.67,1824.18,1836.55,1812.68,-0.5
2022-05-18,1815.61,1815.2,1825.02,1807.3,0.05
2022-05-19,1841.72,1816.6,1849.46,1810.55,1.44
2022-05-20,1845.68,1842.12,1849.59,1832.35,0.22
2022-05-23,1853.22,1846.53,1865.65,1844.08,0.4099999999999999
2022-05-24,1865.9,1853.59,1869.99,1849.06,0.68
2022-05-25,1852.83,1865.09,1868.4,1842.94,-0.7
2022-05-26,1850.02,1853.48,1854.71,1841.14,-0.15
2022-05-27,1852.73,1850.48,1862.3,1847.76,0.15
2022-05-30,1856.21,1852.19,1864.34,1847.92,0.19
2022-05-31,1837.09,1856.4,1857.69,1834.9,-1.03
2022-06-01,1845.55,1837.37,1850.4,1828.28,0.45999999999999996
2022-06-02,1868.13,1846.44,1870.69,1843.76,1.22
2022-06-03,1850.77,1868.53,1874.3,1847.02,-0.93
2022-06-06,1841.0,1850.29,1858.15,1840.5,-0.53
2022-06-07,1851.97,1841.6,1855.86,1836.73,0.6
2022-06-08,1853.26,1852.51,1859.9,1844.35,0.07
2022-06-09,1847.61,1853.53,1855.52,1839.6,-0.3
2022-06-10,1870.96,1848.09,1876.47,1825.02,1.26
2022-06-13,1818.77,1875.8,1877.38,1818.9,-2.79
2022-06-14,1808.1,1819.1,1832.19,1804.65,-0.59
2022-06-15,1833.38,1808.35,1841.74,1807.24,1.4
2022-06-16,1856.71,1833.99,1857.91,1815.95,1.27
2022-06-17,1839.35,1857.34,1858.29,1833.72,-0.93
2022-06-20,1838.29,1840.4,1846.42,1834.49,-0.06
2022-06-21,1832.56,1838.37,1844.15,1828.29,-0.31
2022-06-22,1837.39,1832.96,1848.44,1823.23,0.26
2022-06-23,1822.43,1837.87,1846.19,1821.88,-0.8100000000000002
2022-06-24,1826.18,1822.88,1832.15,1816.7,0.21
2022-06-27,1822.73,1838.15,1841.34,1820.4,-0.19
2022-06-28,1819.69,1822.85,1830.09,1818.2,-0.17
2022-06-29,1817.11,1819.95,1833.24,1812.1,-0.14
2022-06-30,1806.89,1817.8,1825.9,1802.2,-0.56
2022-07-01,1810.18,1807.31,1812.09,1784.1,0.18
2022-07-04,1809.12,1812.27,1814.36,1803.45,-0.06
2022-07-05,1764.35,1808.74,1812.42,1763.48,-2.47
2022-07-06,1738.3,1764.87,1773.06,1731.75,-1.48
2022-07-07,1739.61,1738.93,1749.14,1735.95,0.08
2022-07-08,1741.82,1740.05,1752.5,1733.24,0.13
2022-07-11,1733.67,1742.86,1744.92,1731.01,-0.4699999999999999
2022-07-12,1725.81,1733.99,1743.49,1722.93,-0.45000000000000007
2022-07-13,1735.23,1726.17,1745.54,1707.38,0.55
2022-07-14,1709.45,1735.7,1736.94,1697.48,-1.49
2022-07-15,1706.78,1709.81,1716.92,1698.82,-0.16
2022-07-18,1709.01,1707.94,1724.05,1705.89,0.13
2022-07-19,1711.07,1709.27,1718.64,1704.96,0.12
2022-07-20,1696.43,1711.3,1714.94,1692.53,-0.86
2022-07-21,1718.49,1696.73,1720.69,1680.78,1.3
2022-07-22,1726.46,1718.61,1739.28,1712.93,0.45999999999999996
2022-07-25,1718.78,1728.15,1736.43,1714.57,-0.44
2022-07-26,1717.0,1719.69,1728.36,1713.2,-0.1
2022-07-27,1733.89,1717.41,1740.6,1711.46,0.98
2022-07-28,1755.11,1734.61,1757.43,1733.59,1.22
2022-07-29,1765.22,1755.81,1768.17,1752.19,0.58
2022-08-01,1771.73,1765.05,1775.22,1758.05,0.37
2022-08-02,1759.75,1772.23,1788.24,1759.86,-0.68
2022-08-03,1764.9,1760.53,1772.9,1754.33,0.29
2022-08-04,1790.97,1765.34,1795.29,1763.0,1.48
2022-08-05,1774.15,1791.16,1795.29,1764.88,-0.9399999999999998
2022-08-08,1788.52,1773.57,1790.26,1770.94,0.8100000000000002
2022-08-09,1794.08,1789.21,1800.45,1782.85,0.31
2022-08-10,1792.13,1794.21,1807.9,1787.32,-0.11
2022-08-11,1789.45,1792.39,1799.4,1783.24,-0.15
2022-08-12,1801.76,1790.06,1802.86,1784.52,0.69
2022-08-15,1778.91,1802.05,1802.53,1772.75,-1.27
2022-08-16,1775.54,1779.74,1783.37,1771.33,-0.19
2022-08-17,1761.05,1775.98,1782.63,1759.58,-0.8199999999999998
2022-08-18,1758.2,1761.63,1772.59,1755.37,-0.16
2022-08-19,1747.83,1759.3,1759.88,1745.19,-0.59
2022-08-22,1735.7,1747.05,1749.31,1727.51,-0.69
2022-08-23,1747.67,1736.4,1754.28,1730.52,0.69
2022-08-24,1750.89,1748.55,1755.88,1742.29,0.18
2022-08-25,1758.44,1751.55,1765.93,1749.71,0.43
2022-08-26,1736.86,1758.55,1759.31,1733.83,-1.23
2022-08-29,1737.82,1736.19,1745.63,1720.08,0.06
2022-08-30,1723.55,1738.36,1740.93,1720.85,-0.8199999999999998
2022-08-31,1710.7,1723.83,1726.86,1709.1,-0.75
2022-09-01,1696.09,1711.09,1711.81,1688.35,-0.8500000000000001
2022-09-02,1711.44,1696.35,1718.31,1694.64,0.91
2022-09-05,1710.21,1712.99,1716.34,1707.47,-0.07
2022-09-06,1701.15,1710.56,1727.24,1699.3,-0.53
2022-09-07,1717.69,1701.61,1719.82,1690.9,0.97
2022-09-08,1707.28,1718.4,1728.8,1703.5,-0.61
2022-09-09,1716.05,1708.84,1729.94,1708.22,0.51
2022-09-12,1724.07,1717.05,1735.37,1711.97,0.4699999999999999
2022-09-13,1701.55,1724.75,1732.34,1696.7,-1.31
2022-09-14,1695.8,1701.86,1707.49,1693.26,-0.34
2022-09-15,1663.74,1696.06,1698.62,1660.04,-1.8900000000000001
2022-09-16,1674.94,1664.27,1680.69,1653.85,0.67
2022-09-19,1675.78,1675.44,1680.16,1659.67,0.05
2022-09-20,1663.11,1675.47,1679.34,1659.6,-0.76
2022-09-21,1673.74,1663.67,1688.15,1654.15,0.64
2022-09-22,1670.53,1675.06,1685.49,1655.53,-0.19
2022-09-23,1643.09,1671.55,1676.59,1639.59,-1.6399999999999997
2022-09-26,1621.57,1645.4,1650.02,1620.8,-1.31
2022-09-27,1628.8,1621.99,1642.94,1621.77,0.45000000000000007
2022-09-28,1659.44,1629.26,1663.17,1614.35,1.8799999999999997
2022-09-29,1660.29,1659.88,1665.12,1641.05,0.05
2022-09-30,1659.67,1661.13,1675.57,1658.93,-0.04
2022-10-03,1699.22,1661.3,1701.8,1659.1,2.38
2022-10-04,1726.24,1699.4,1729.73,1694.73,1.59
2022-10-05,1715.81,1726.42,1728.1,1700.15,-0.6
2022-10-06,1710.85,1716.06,1726.09,1706.53,-0.29
2022-10-07,1694.52,1711.1,1715.4,1690.35,-0.95
2022-10-10,1667.96,1696.8,1700.33,1665.3,-1.5700000000000003
2022-10-11,1665.31,1668.4,1684.44,1660.45,-0.16
2022-10-12,1672.51,1666.49,1678.9,1660.95,0.43
2022-10-13,1665.8,1673.3,1682.84,1642.25,-0.4
2022-10-14,1641.76,1665.9,1672.02,1639.9,-1.44
2022-10-17,1649.94,1644.09,1668.69,1643.69,0.5
2022-10-18,1651.83,1650.49,1661.27,1645.61,0.11
2022-10-19,1628.49,1651.99,1654.9,1627.25,-1.41
2022-10-20,1627.66,1629.93,1645.83,1621.93,-0.05
2022-10-21,1656.66,1628.1,1659.08,1617.21,1.78
2022-10-24,1648.6,1658.19,1670.55,1643.64,-0.49
2022-10-25,1652.52,1649.7,1662.89,1637.82,0.24
2022-10-26,1664.49,1653.21,1675.12,1649.15,0.72
2022-10-27,1662.94,1664.5,1671.09,1654.81,-0.09
2022-10-28,1641.76,1663.3,1667.44,1637.39,-1.27
2022-10-31,1633.12,1643.69,1645.8,1631.77,-0.53
2022-11-01,1647.5,1633.4,1657.13,1630.93,0.88
2022-11-02,1634.89,1647.77,1669.6,1634.4,-0.77
2022-11-03,1629.15,1635.8,1641.32,1616.18,-0.35
2022-11-04,1680.27,1629.4,1682.17,1628.23,3.1400000000000006
2022-11-07,1674.68,1681.3,1682.08,1666.44,-0.33
2022-11-08,1712.52,1674.75,1717.31,1664.32,2.26
2022-11-09,1706.32,1712.6,1722.94,1701.79,-0.36
2022-11-10,1754.75,1706.4,1757.59,1703.32,2.84
2022-11-11,1770.69,1754.92,1773.17,1746.85,0.91
2022-11-14,1771.8,1771.42,1775.36,1752.9,0.06
2022-11-15,1778.25,1771.88,1786.68,1766.56,0.36
2022-11-16,1773.77,1778.34,1785.49,1769.82,-0.25
2022-11-17,1760.87,1773.82,1775.2,1754.13,-0.73
2022-11-18,1749.74,1760.74,1767.98,1747.04,-0.63
2022-11-21,1737.81,1750.82,1753.52,1732.03,-0.68
2022-11-22,1740.24,1738.48,1749.98,1736.61,0.14
2022-11-23,1749.28,1740.3,1753.54,1728.25,0.52
2022-11-24,1754.96,1749.53,1759.08,1749.03,0.32
2022-11-25,1756.14,1756.48,1761.58,1745.46,0.07
2022-11-28,1740.75,1755.0,1764.08,1739.14,-0.88
2022-11-29,1749.73,1740.82,1759.33,1738.98,0.52
2022-11-30,1768.45,1749.82,1770.39,1744.41,1.07
2022-12-01,1802.89,1768.54,1804.32,1767.36,1.95
2022-12-02,1797.82,1803.15,1804.93,1778.26,-0.28
2022-12-05,1768.39,1797.92,1810.33,1765.32,-1.6399999999999997
2022-12-06,1770.91,1768.67,1781.46,1765.72,0.14
2022-12-07,1786.22,1771.14,1790.92,1768.32,0.86
2022-12-08,1789.23,1786.29,1795.18,1780.96,0.17
2022-12-09,1796.63,1789.3,1806.45,1787.96,0.4099999999999999
2022-12-12,1781.15,1797.35,1798.0,1777.22,-0.86
2022-12-13,1810.29,1781.21,1824.87,1779.81,1.6399999999999997
2022-12-14,1807.27,1810.49,1814.19,1796.07,-0.17
2022-12-15,1776.66,1807.4,1809.09,1772.0,-1.69
2022-12-16,1792.34,1776.72,1794.69,1773.89,0.88
2022-12-19,1787.44,1793.13,1799.1,1783.48,-0.27
2022-12-20,1817.41,1787.49,1821.6,1784.21,1.68
2022-12-21,1814.13,1818.06,1824.39,1811.24,-0.18
2022-12-22,1792.57,1814.2,1821.1,1784.11,-1.19
2022-12-23,1797.91,1792.65,1803.6,1789.62,0.3
2022-12-26,1797.61,1798.57,1798.78,1798.04,-0.02
2022-12-27,1813.93,1796.67,1833.39,1796.2,0.91
2022-12-28,1804.09,1814.0,1815.18,1796.56,-0.54
2022-12-29,1814.89,1804.16,1820.52,1802.02,0.6
2022-12-30,1824.4,1815.14,1826.73,1809.84,0.52
2023-01-02,1823.69,1823.85,1823.94,1823.85,-0.04
2023-01-03,1839.49,1826.14,1850.69,1824.42,0.8699999999999999
2023-01-04,1854.09,1839.51,1865.49,1835.92,0.79
2023-01-05,1833.19,1854.19,1859.36,1824.68,-1.13
2023-01-06,1865.71,1833.27,1870.37,1830.53,1.77
2023-01-09,1871.59,1865.45,1881.8,1864.59,0.32
2023-01-10,1877.27,1871.66,1881.04,1867.37,0.3
2023-01-11,1876.38,1877.3,1887.09,1866.75,-0.05
2023-01-12,1896.86,1876.43,1901.88,1873.64,1.09
2023-01-13,1920.21,1897.03,1922.24,1891.8,1.23
2023-01-16,1918.0,1920.39,1929.24,1910.74,-0.12
2023-01-17,1908.39,1917.81,1919.83,1903.51,-0.5
2023-01-18,1903.76,1908.46,1926.3,1896.56,-0.24
2023-01-19,1931.39,1903.83,1935.4,1900.48,1.45
2023-01-20,1926.57,1931.48,1937.72,1920.58,-0.25
2023-01-23,1931.3,1926.2,1935.69,1911.44,0.25
2023-01-24,1937.45,1931.35,1942.93,1916.82,0.32
2023-01-25,1945.93,1937.54,1948.12,1919.88,0.44
2023-01-26,1928.99,1946.09,1949.27,1918.74,-0.8699999999999999
2023-01-27,1927.34,1929.4,1935.15,1916.65,-0.09
2023-01-30,1922.52,1928.4,1934.61,1920.58,-0.25
2023-01-31,1927.88,1922.82,1931.15,1900.74,0.28
2023-02-01,1950.42,1927.92,1954.63,1920.56,1.17
2023-02-02,1912.37,1950.54,1959.77,1911.33,-1.95
2023-02-03,1865.53,1912.57,1918.72,1861.41,-2.45
2023-02-06,1867.36,1865.17,1881.54,1860.39,0.1
2023-02-07,1873.81,1867.39,1884.45,1864.94,0.35
2023-02-08,1875.59,1874.05,1886.28,1867.4,0.09
2023-02-09,1861.39,1875.64,1890.69,1858.89,-0.76
2023-02-10,1864.67,1861.68,1872.31,1852.69,0.18
2023-02-13,1853.39,1865.69,1866.83,1850.42,-0.6
2023-02-14,1854.29,1853.67,1871.03,1843.2,0.05
2023-02-15,1836.19,1854.35,1860.18,1830.2,-0.98
2023-02-16,1837.44,1836.56,1845.45,1827.18,0.07
2023-02-17,1841.59,1837.52,1843.77,1818.34,0.22999999999999998
2023-02-20,1841.14,1842.73,1847.86,1837.09,-0.02
2023-02-21,1834.32,1841.71,1844.44,1829.7,-0.37
2023-02-22,1825.04,1834.71,1846.26,1823.05,-0.51
2023-02-23,1822.64,1825.12,1834.43,1817.55,-0.13
2023-02-24,1810.81,1822.74,1827.98,1808.91,-0.65
2023-02-27,1817.31,1812.01,1820.22,1806.68,0.36
2023-02-28,1827.15,1817.38,1831.27,1804.65,0.54
2023-03-01,1836.81,1827.24,1845.05,1823.05,0.53
2023-03-02,1836.0,1837.2,1838.94,1829.44,-0.04
2023-03-03,1854.97,1836.1,1856.47,1834.51,1.03
2023-03-06,1846.85,1855.35,1858.84,1845.08,-0.44
2023-03-07,1813.52,1846.92,1852.26,1812.72,-1.8000000000000003
2023-03-08,1813.59,1813.61,1824.38,1809.4,0.0
2023-03-09,1830.89,1813.65,1835.56,1811.84,0.95
2023-03-10,1867.83,1830.96,1870.28,1827.71,2.02
2023-03-13,1913.23,1869.01,1914.79,1869.01,2.43
2023-03-14,1902.12,1913.19,1914.52,1895.17,-0.58
2023-03-15,1918.1,1903.91,1937.46,1885.78,0.84
2023-03-16,1919.12,1920.54,1934.12,1907.55,0.05
2023-03-17,1987.93,1920.0,1989.8,1918.33,3.5900000000000003
2023-03-20,1978.71,1987.59,2010.19,1965.77,-0.45999999999999996
2023-03-21,1940.15,1979.17,1985.3,1935.41,-1.95
2023-03-22,1969.58,1940.44,1978.93,1934.33,1.52
2023-03-23,1993.5,1967.91,2003.43,1964.39,1.21
2023-03-24,1977.22,1993.99,2003.19,1975.18,-0.8199999999999998
2023-03-27,1956.56,1977.66,1979.89,1943.68,-1.04
2023-03-28,1973.69,1957.23,1975.45,1948.66,0.88
2023-03-29,1964.04,1972.82,1974.64,1958.62,-0.49
2023-03-30,1980.25,1962.58,1984.4,1955.44,0.83
2023-03-31,1967.9,1978.62,1987.84,1966.89,-0.62
2023-04-03,1984.11,1970.84,1990.64,1949.82,0.8199999999999998
2023-04-04,2019.97,1984.59,2025.19,1977.01,1.81
2023-04-05,2020.35,2020.44,2032.2,2009.99,0.02
2023-04-06,2008.02,2020.13,2021.63,2000.88,-0.61
2023-04-10,1989.95,2008.3,2011.17,1981.59,-0.9000000000000001
2023-04-11,2003.14,1990.36,2007.58,1988.72,0.66
2023-04-12,2014.67,2003.67,2028.4,2001.18,0.58
2023-04-13,2039.73,2014.0,2048.84,2012.45,1.24
2023-04-14,2003.04,2040.4,2047.6,1992.41,-1.8000000000000003
2023-04-17,1994.77,2001.85,2015.13,1981.34,-0.4099999999999999
2023-04-18,2004.93,1995.19,2011.98,1991.33,0.51
2023-04-19,1993.26,2007.49,2008.33,1969.28,-0.58
2023-04-20,2004.34,1993.58,2012.74,1990.49,0.56
2023-04-21,1982.89,2004.29,2005.75,1971.65,-1.07
2023-04-24,1988.88,1981.34,1990.97,1974.19,0.3
2023-04-25,1997.87,1991.45,2003.9,1976.14,0.45000000000000007
2023-04-26,1989.48,2000.63,2009.51,1983.43,-0.42
2023-04-27,1987.87,1987.58,2003.45,1973.8,-0.08
2023-04-28,1989.65,1986.75,1995.13,1976.08,0.09
2023-05-01,1982.05,1991.34,2006.05,1977.05,-0.38
2023-05-02,2016.28,1982.81,2019.54,1978.38,1.73
2023-05-03,2039.02,2014.8,2040.69,2007.96,1.13
2023-05-04,2051.11,2036.86,2073.29,2030.34,0.59
2023-05-05,2016.54,2051.73,2053.13,1999.3,-1.69
2023-05-08,2021.39,2015.95,2029.63,2014.1,0.24
2023-05-09,2034.17,2022.24,2037.7,2019.5,0.63
2023-05-10,2029.51,2034.19,2048.22,2021.57,-0.22999999999999998
2023-05-11,2015.55,2030.56,2041.44,2011.19,-0.69
2023-05-12,2011.15,2015.19,2022.56,2001.05,-0.22
2023-05-15,2020.6,2011.72,2022.2,2007.28,0.4699999999999999
2023-05-16,1988.6,2015.9,2018.94,1985.47,-1.58
2023-05-17,1981.72,1988.94,1993.13,1974.8,-0.35
2023-05-18,1958.05,1981.52,1986.12,1951.97,-1.19
2023-05-19,1976.56,1957.4,1984.09,1954.05,0.9399999999999998
2023-05-22,1969.43,1977.8,1982.66,1968.4,-0.36
2023-05-23,1974.73,1971.99,1977.8,1954.29,0.27
2023-05-24,1957.01,1975.19,1985.3,1956.51,-0.9000000000000001
2023-05-25,1940.34,1958.13,1964.95,1938.86,-0.8500000000000001
2023-05-26,1946.33,1940.69,1957.4,1936.84,0.31
2023-05-29,1942.84,1944.09,1949.75,1940.3,-0.18
2023-05-30,1959.14,1944.19,1963.63,1932.08,0.84
2023-05-31,1962.3,1959.3,1975.34,1953.67,0.16
2023-06-01,1977.88,1962.8,1983.27,1953.43,0.79
2023-06-02,1947.63,1978.14,1983.52,1947.67,-1.53
2023-06-05,1961.76,1947.59,1964.13,1938.14,0.73
2023-06-06,1962.85,1962.11,1966.85,1954.0,0.06
2023-06-07,1939.63,1963.59,1970.26,1939.8,-1.18
2023-06-08,1967.76,1940.59,1970.5,1939.81,1.45
2023-06-09,1960.6,1968.1,1973.09,1956.73,-0.36
2023-06-12,1956.92,1960.25,1967.55,1948.8,-0.19
2023-06-13,1943.33,1957.69,1970.74,1939.99,-0.69
2023-06-14,1942.99,1943.49,1960.41,1939.73,-0.02
2023-06-15,1957.65,1943.44,1960.34,1925.3,0.75
2023-06-16,1957.36,1957.68,1968.0,1953.42,-0.01
2023-06-19,1950.12,1957.99,1958.93,1947.8,-0.37
2023-06-20,1935.91,1950.9,1956.87,1929.77,-0.73
2023-06-21,1932.26,1935.42,1939.55,1919.34,-0.19
2023-06-22,1913.52,1932.09,1935.0,1912.34,-0.97
2023-06-23,1921.36,1913.8,1937.1,1910.24,0.4099999999999999
2023-06-26,1922.85,1924.3,1933.48,1921.59,0.08
2023-06-27,1913.35,1923.21,1930.85,1911.19,-0.49
2023-06-28,1907.42,1913.59,1917.24,1902.84,-0.31
2023-06-29,1908.15,1908.8,1913.15,1893.01,0.04
2023-06-30,1919.57,1908.53,1922.9,1900.56,0.6
2023-07-03,1921.43,1919.4,1931.09,1910.1,0.1
2023-07-04,1925.09,1921.78,1930.84,1919.9,0.19
2023-07-05,1917.32,1925.9,1935.17,1914.48,-0.4
2023-07-06,1910.8,1916.05,1927.69,1902.68,-0.34
2023-07-07,1924.28,1911.07,1934.92,1909.56,0.71
2023-07-10,1924.99,1925.19,1928.31,1912.68,0.04
2023-07-11,1931.99,1925.4,1938.69,1924.4,0.36
2023-07-12,1957.09,1932.59,1959.82,1932.18,1.3
2023-07-13,1960.19,1957.44,1963.69,1952.71,0.16
2023-07-14,1954.93,1961.58,1963.81,1951.0,-0.27
2023-07-17,1954.74,1954.9,1959.91,1945.82,-0.01
2023-07-18,1978.71,1954.59,1984.39,1954.44,1.23
2023-07-19,1977.25,1978.97,1981.05,1969.75,-0.07
2023-07-20,1969.62,1976.8,1987.59,1965.4,-0.39
2023-07-21,1960.23,1969.99,1973.89,1956.82,-0.48
2023-07-24,1954.51,1962.09,1967.97,1953.42,-0.29
2023-07-25,1964.58,1955.2,1966.03,1953.21,0.52
2023-07-26,1972.1,1964.99,1978.31,1961.99,0.38
2023-07-27,1944.99,1972.08,1982.24,1942.61,-1.38
2023-07-28,1959.2,1944.27,1963.71,1944.27,0.73
2023-07-31,1964.19,1959.49,1972.44,1951.0,0.25
2023-08-01,1944.08,1965.1,1966.24,1941.2,-1.02
2023-08-02,1933.56,1945.74,1955.4,1933.0,-0.54
2023-08-03,1933.74,1934.66,1939.03,1929.55,0.01
2023-08-04,1941.62,1934.12,1947.19,1929.75,0.4099999999999999
2023-08-07,1936.39,1942.59,1946.81,1931.53,-0.27
2023-08-08,1924.82,1936.76,1938.15,1922.5,-0.6
2023-08-09,1914.59,1925.16,1932.48,1914.05,-0.53
2023-08-10,1912.06,1914.94,1930.11,1911.73,-0.13
2023-08-11,1913.32,1912.65,1921.15,1910.94,0.07
2023-08-14,1907.9,1913.67,1916.55,1902.2,-0.28
2023-08-15,1901.56,1907.4,1912.19,1896.15,-0.33
2023-08-16,1891.76,1901.59,1907.9,1891.3,-0.52
2023-08-17,1888.89,1892.2,1903.9,1884.5,-0.15
2023-08-18,1888.19,1889.49,1897.44,1886.2,-0.04
2023-08-21,1893.94,1889.4,1899.05,1884.5,0.3
2023-08-22,1897.47,1895.09,1905.05,1888.6,0.19
2023-08-23,1914.31,1897.8,1920.94,1897.23,0.89
2023-08-24,1917.43,1914.15,1923.94,1911.35,0.16
2023-08-25,1914.53,1917.8,1923.09,1903.4,-0.15
2023-08-28,1919.66,1916.09,1926.19,1912.83,0.27
2023-08-29,1937.12,1920.23,1938.41,1914.0,0.91
2023-08-30,1942.24,1937.48,1949.04,1934.94,0.26
2023-08-31,1939.74,1942.61,1948.19,1938.86,-0.13
2023-09-01,1938.8,1940.19,1953.44,1934.59,-0.05
2023-09-04,1938.19,1940.49,1946.42,1936.15,-0.03
2023-09-05,1925.81,1938.59,1939.13,1925.22,-0.64
2023-09-06,1916.28,1926.16,1929.8,1914.8,-0.5
2023-09-07,1919.19,1916.86,1923.67,1916.1,0.15
2023-09-08,1917.81,1919.57,1930.19,1917.36,-0.07
2023-09-11,1921.66,1919.16,1930.9,1916.9,0.2
2023-09-12,1913.26,1922.9,1925.05,1907.15,-0.44
2023-09-13,1906.3,1913.55,1916.3,1905.5,-0.36
2023-09-14,1910.32,1906.68,1912.99,1900.95,0.21
2023-09-15,1923.57,1910.9,1930.84,1909.74,0.69
2023-09-18,1933.14,1924.19,1934.61,1922.15,0.5
2023-09-19,1930.94,1933.68,1937.94,1929.71,-0.11
2023-09-20,1929.68,1931.69,1947.8,1927.9,-0.07
2023-09-21,1919.57,1930.99,1931.74,1913.4,-0.52
2023-09-22,1924.99,1920.08,1929.65,1919.58,0.28
2023-09-25,1915.66,1925.24,1927.26,1915.0,-0.48
2023-09-26,1900.49,1916.03,1916.89,1899.17,-0.79
2023-09-27,1874.7,1900.69,1903.95,1872.47,-1.36
2023-09-28,1864.56,1875.73,1880.15,1857.76,-0.54
2023-09-29,1848.31,1865.43,1880.24,1846.34,-0.8699999999999999
2023-10-02,1827.4,1848.13,1849.06,1826.6,-1.13
2023-10-03,1822.81,1827.96,1833.36,1814.7,-0.25
2023-10-04,1821.08,1824.3,1831.05,1816.15,-0.1
2023-10-05,1820.01,1820.49,1829.3,1812.7,-0.06
2023-10-06,1832.26,1820.4,1834.97,1810.1,0.67
2023-10-09,1860.88,1832.74,1864.15,1832.63,1.56
2023-10-10,1860.09,1861.27,1865.65,1852.65,-0.04
2023-10-11,1873.61,1859.99,1877.22,1858.6,0.73
2023-10-12,1868.65,1874.1,1885.3,1866.92,-0.26
2023-10-13,1931.7,1869.02,1933.76,1868.94,3.37
2023-10-16,1919.44,1929.3,1931.8,1907.65,-0.63
2023-10-17,1923.07,1920.14,1931.56,1911.85,0.19
2023-10-18,1947.69,1923.7,1962.74,1923.05,1.28
2023-10-19,1973.7,1947.99,1977.86,1945.18,1.34
2023-10-20,1981.04,1974.31,1997.27,1971.93,0.37
2023-10-23,1972.59,1972.9,1983.4,1964.36,-0.43
2023-10-24,1970.11,1972.97,1980.99,1953.5,-0.13
2023-10-25,1979.62,1971.36,1987.19,1963.34,0.48
2023-10-26,1984.82,1979.97,1994.05,1971.6,0.26
2023-10-27,2005.78,1985.17,2009.48,1976.35,1.06
2023-10-30,1995.88,2004.8,2007.37,1990.5,-0.49
2023-10-31,1982.7,1996.0,2007.8,1978.9,-0.66
2023-11-01,1982.15,1983.01,1992.09,1969.9,-0.03
2023-11-02,1985.51,1983.53,1991.49,1978.9,0.17
2023-11-03,1992.27,1985.69,2004.06,1983.26,0.34
2023-11-06,1977.68,1992.3,1993.3,1977.52,-0.73
2023-11-07,1968.4,1978.19,1978.75,1956.2,-0.4699999999999999
2023-11-08,1949.79,1968.84,1971.12,1947.48,-0.95
2023-11-09,1958.19,1950.09,1965.69,1944.3,0.43
2023-11-10,1936.79,1958.4,1960.93,1933.18,-1.09
2023-11-13,1945.89,1937.05,1949.27,1931.73,0.4699999999999999
2023-11-14,1962.67,1946.19,1970.84,1943.4,0.86
2023-11-15,1959.09,1963.05,1975.59,1955.41,-0.18
2023-11-16,1980.85,1959.44,1988.03,1956.49,1.11
2023-11-17,1980.01,1981.21,1993.94,1978.59,-0.04
2023-11-20,1977.19,1980.39,1985.26,1965.2,-0.14
2023-11-21,1998.37,1977.49,2007.52,1977.34,1.07
2023-11-22,1989.72,1998.69,2006.9,1986.89,-0.43
2023-11-23,1991.79,1990.15,1999.19,1989.01,0.1
2023-11-24,2001.97,1994.06,2003.68,1991.4,0.51
2023-11-27,2013.64,2002.78,2018.14,2000.67,0.58
2023-11-28,2040.89,2013.94,2043.0,2011.6,1.35
2023-11-29,2044.59,2041.24,2052.09,2035.05,0.18
2023-11-30,2035.75,2044.8,2047.59,2031.84,-0.43
2023-12-01,2070.9,2034.49,2075.34,2033.75,1.73
2023-12-04,2029.74,2071.25,2135.9,2020.34,-1.9900000000000002
2023-12-05,2019.42,2030.15,2041.33,2010.02,-0.51
2023-12-06,2024.9,2019.74,2036.3,2017.27,0.27
2023-12-07,2028.34,2025.3,2039.93,2020.26,0.17
2023-12-08,2003.39,2028.69,2034.19,1994.74,-1.23
2023-12-11,1981.3,2003.6,2008.72,1975.95,-1.1
2023-12-12,1979.44,1981.59,1996.8,1977.19,-0.09
2023-12-13,2026.39,1979.74,2027.55,1973.09,2.37
2023-12-14,2035.53,2026.59,2047.98,2024.33,0.45000000000000007
2023-12-15,2018.19,2035.8,2045.55,2015.68,-0.8500000000000001
2023-12-18,2027.0,2020.09,2033.71,2015.99,0.44
2023-12-19,2040.12,2027.3,2047.07,2021.74,0.65
2023-12-20,2029.19,2040.34,2043.94,2029.37,-0.54
2023-12-21,2045.49,2029.44,2046.07,2029.44,0.8
2023-12-22,2052.98,2045.84,2070.65,2045.65,0.37
2023-12-25,2054.93,2054.32,2058.36,2053.96,0.1
2023-12-26,2066.6,2055.73,2068.65,2053.59,0.57
2023-12-27,2077.16,2066.7,2084.59,2061.0,0.51
2023-12-28,2064.86,2077.34,2088.54,2065.89,-0.59
2023-12-29,2062.59,2065.15,2075.15,2057.75,-0.11
2024-01-01,2063.8,2064.24,2074.9,2063.3,0.06
2024-01-02,2058.88,2062.9,2079.02,2056.04,-0.24
2024-01-03,2040.78,2059.15,2066.12,2030.68,-0.88
2024-01-04,2043.26,2041.34,2051.4,2036.24,0.12
2024-01-05,2045.5,2043.69,2064.03,2024.49,0.11
2024-01-08,2027.84,2044.08,2046.71,2016.84,-0.86
2024-01-09,2029.59,2028.4,2042.09,2026.11,0.09
2024-01-10,2023.4,2029.94,2040.44,2020.45,-0.31
2024-01-11,2028.09,2023.74,2039.69,2013.32,0.22999999999999998
2024-01-12,2048.72,2028.3,2062.35,2027.99,1.02
2024-01-15,2054.49,2048.09,2059.25,2045.8,0.28
2024-01-16,2027.59,2054.91,2055.65,2024.29,-1.31
2024-01-17,2005.72,2027.9,2033.05,2001.91,-1.08
2024-01-18,2022.67,2006.09,2023.45,2005.43,0.8500000000000001
2024-01-19,2029.09,2023.05,2039.49,2020.37,0.32
2024-01-22,2020.99,2029.9,2032.28,2016.74,-0.4
2024-01-23,2028.69,2021.24,2037.92,2019.59,0.38
2024-01-24,2012.59,2028.94,2036.74,2011.28,-0.79
2024-01-25,2019.75,2012.84,2025.27,2010.15,0.36
2024-01-26,2018.34,2019.94,2026.8,2015.97,-0.07
2024-01-29,2031.75,2019.4,2037.75,2017.38,0.66
2024-01-30,2036.12,2031.97,2048.48,2029.19,0.21
2024-01-31,2037.19,2036.58,2056.08,2031.0,0.05
2024-02-01,2054.89,2037.59,2065.42,2029.55,0.8699999999999999
2024-02-02,2038.59,2055.09,2058.2,2027.45,-0.79
2024-02-05,2024.67,2039.91,2042.32,2014.4,-0.68
2024-02-06,2035.46,2024.99,2039.02,2022.55,0.53
2024-02-07,2034.22,2035.9,2044.65,2030.65,-0.06
2024-02-08,2033.18,2034.55,2038.94,2019.75,-0.05
2024-02-09,2024.16,2033.65,2037.44,2020.3,-0.44
2024-02-12,2019.79,2024.53,2028.09,2011.91,-0.22
2024-02-13,1992.13,2019.9,2030.05,1990.19,-1.37
2024-02-14,1992.39,1992.55,1996.14,1984.3,0.01
2024-02-15,2004.09,1992.69,2008.49,1990.25,0.59
2024-02-16,2013.1,2004.4,2015.25,1995.26,0.45000000000000007
2024-02-19,2017.63,2013.16,2023.34,2011.57,0.22
2024-02-20,2023.53,2017.99,2030.96,2015.02,0.29
2024-02-21,2024.99,2023.8,2032.22,2020.19,0.07
2024-02-22,2024.11,2025.24,2034.84,2019.7,-0.04
2024-02-23,2035.72,2024.49,2041.43,2015.55,0.57
2024-02-26,2030.66,2034.49,2037.59,2025.1,-0.25
2024-02-27,2029.64,2030.99,2039.99,2028.78,-0.05
2024-02-28,2034.62,2030.05,2038.3,2024.56,0.25
2024-02-29,2043.24,2034.92,2050.79,2027.75,0.42
2024-03-01,2083.39,2043.44,2088.4,2038.55,1.96
2024-03-04,2114.99,2082.09,2119.95,2079.45,1.52
2024-03-05,2127.55,2115.15,2142.15,2110.52,0.59
2024-03-06,2148.29,2127.95,2152.29,2123.65,0.98
2024-03-07,2159.16,2148.54,2164.54,2144.29,0.51
2024-03-08,2177.51,2159.4,2195.2,2154.08,0.8500000000000001
2024-03-11,2182.47,2177.71,2189.04,2174.8,0.22999999999999998
2024-03-12,2157.99,2183.0,2184.86,2150.59,-1.12
2024-03-13,2174.4,2158.25,2179.91,2155.54,0.76
2024-03-14,2161.01,2174.29,2177.1,2152.86,-0.62
2024-03-15,2155.54,2162.4,2173.25,2155.19,-0.25
2024-03-18,2159.99,2156.0,2163.64,2146.05,0.21
2024-03-19,2157.23,2160.7,2162.93,2146.9,-0.13
2024-03-20,2185.96,2158.29,2188.9,2149.6,1.33
2024-03-21,2180.81,2186.0,2222.9,2166.5,-0.24
2024-03-22,2164.15,2181.5,2186.25,2157.15,-0.76
2024-03-25,2171.45,2165.79,2181.3,2163.5,0.34
2024-03-26,2178.58,2171.82,2200.15,2167.75,0.33
2024-03-27,2194.02,2179.03,2197.71,2173.59,0.71
2024-03-28,2232.38,2194.19,2235.9,2187.33,1.7500000000000002
2024-04-01,2250.36,2239.59,2265.86,2228.54,0.8100000000000002
2024-04-02,2280.1,2250.88,2281.17,2246.79,1.32
2024-04-03,2299.17,2279.57,2301.22,2265.5,0.84
2024-04-04,2289.43,2299.62,2305.31,2280.15,-0.42
2024-04-05,2329.5,2289.88,2330.34,2267.85,1.7500000000000002
2024-04-08,2338.89,2322.0,2354.09,2302.86,0.4
2024-04-09,2352.58,2339.24,2365.34,2336.94,0.59
2024-04-10,2332.79,2352.91,2360.15,2319.54,-0.84
2024-04-11,2373.24,2333.17,2377.8,2325.84,1.73
2024-04-12,2343.43,2373.59,2431.53,2333.9,-1.26
2024-04-15,2382.51,2343.86,2387.59,2324.59,1.67
2024-04-16,2382.83,2382.86,2398.34,2362.95,0.01
2024-04-17,2360.81,2383.2,2395.63,2354.84,-0.9199999999999999
2024-04-18,2378.25,2360.74,2392.84,2360.7,0.74
2024-04-19,2390.45,2378.6,2417.79,2372.96,0.51
2024-04-22,2326.29,2388.2,2388.72,2325.29,-2.68
2024-04-23,2321.81,2326.62,2334.48,2291.4,-0.19
2024-04-24,2315.82,2322.19,2337.16,2311.9,-0.26
2024-04-25,2331.78,2316.2,2344.86,2305.28,0.69
2024-04-26,2337.72,2332.16,2352.62,2326.3,0.25
2024-04-29,2334.44,2337.5,2346.85,2320.08,-0.14
2024-04-30,2285.57,2335.1,2336.54,2284.94,-2.09
2024-05-01,2317.9,2285.91,2328.4,2281.66,1.41
2024-05-02,2303.29,2319.89,2326.57,2285.58,-0.63
2024-05-03,2301.56,2303.2,2321.64,2277.47,-0.08
2024-05-06,2323.57,2302.5,2331.99,2291.79,0.96
2024-05-07,2313.79,2322.5,2330.06,2310.06,-0.42
2024-05-08,2308.65,2314.7,2321.56,2303.85,-0.22
2024-05-09,2345.88,2309.04,2347.59,2306.67,1.6099999999999999
2024-05-10,2360.14,2346.26,2378.45,2345.25,0.61
2024-05-13,2336.05,2362.7,2364.94,2332.34,-1.02
2024-05-14,2357.97,2338.2,2359.83,2334.55,0.9399999999999998
2024-05-15,2386.04,2358.2,2390.36,2351.82,1.19
2024-05-16,2376.44,2386.42,2397.44,2371.01,-0.4
2024-05-17,2414.89,2376.81,2422.87,2373.96,1.6200000000000003
2024-05-20,2425.12,2415.02,2450.13,2407.34,0.42
2024-05-21,2421.64,2426.84,2434.0,2406.32,-0.14
2024-05-22,2378.25,2423.75,2426.64,2374.98,-1.79
2024-05-23,2328.37,2378.6,2383.86,2327.0,-2.1
2024-05-24,2333.76,2328.4,2347.54,2325.4,0.22999999999999998
2024-05-27,2350.74,2334.5,2358.56,2332.36,0.73
2024-05-28,2360.95,2352.29,2364.12,2340.17,0.43
2024-05-29,2338.77,2361.0,2362.86,2334.75,-0.9399999999999998
2024-05-30,2343.0,2339.67,2351.83,2322.72,0.18
2024-05-31,2326.97,2345.07,2353.24,2323.96,-0.68
2024-06-03,2350.35,2329.61,2354.82,2314.76,1.0
2024-06-04,2327.68,2349.0,2351.76,2315.53,-0.96
2024-06-05,2354.78,2328.0,2358.07,2325.88,1.16
2024-06-06,2375.61,2355.16,2378.57,2353.6,0.88
2024-06-07,2292.71,2376.5,2387.85,2286.77,-3.49
2024-06-10,2310.6,2296.0,2313.87,2287.31,0.78
2024-06-11,2316.27,2311.0,2320.17,2297.69,0.25
2024-06-12,2322.55,2315.53,2341.7,2310.8,0.27
2024-06-13,2303.19,2325.7,2326.7,2295.68,-0.83
2024-06-14,2332.52,2302.52,2336.87,2301.35,1.27
2024-06-17,2318.87,2332.2,2333.48,2310.02,-0.59
2024-06-18,2328.33,2319.38,2333.25,2306.63,0.4099999999999999
2024-06-19,2327.48,2329.79,2335.1,2323.84,-0.04
2024-06-20,2359.63,2329.15,2365.52,2327.3,1.38
2024-06-21,2320.34,2360.3,2368.85,2316.76,-1.66
2024-06-24,2332.93,2321.6,2335.02,2317.37,0.54
2024-06-25,2319.01,2333.25,2337.26,2315.56,-0.6
2024-06-26,2297.91,2320.0,2323.95,2293.7,-0.91
2024-06-27,2327.45,2299.8,2331.0,2296.5,1.29
2024-06-28,2325.71,2327.75,2339.79,2319.15,-0.07
2024-07-01,2331.7,2326.46,2338.72,2318.55,0.26
2024-07-02,2329.28,2332.05,2336.9,2319.24,-0.1
2024-07-03,2356.06,2328.0,2365.06,2326.93,1.15
2024-07-04,2356.12,2353.7,2362.64,2350.76,0.0
2024-07-05,2391.46,2358.01,2393.04,2354.03,1.5
2024-07-08,2358.8,2391.77,2391.85,2351.16,-1.37
2024-07-09,2363.58,2358.6,2371.52,2349.59,0.2
2024-07-10,2371.07,2363.8,2386.75,2362.73,0.32
2024-07-11,2414.78,2371.58,2424.62,2370.83,1.8399999999999999
2024-07-12,2411.27,2416.47,2418.37,2391.52,-0.15
2024-07-15,2422.07,2409.5,2439.74,2401.35,0.45000000000000007
2024-07-16,2468.57,2424.8,2469.91,2423.54,1.92
2024-07-17,2458.38,2476.22,2483.78,2451.6,-0.4099999999999999
2024-07-18,2444.97,2460.13,2475.02,2440.41,-0.55
2024-07-19,2400.79,2445.34,2446.29,2393.92,-1.81
2024-07-22,2397.65,2400.41,2412.32,2384.0,-0.13
2024-07-23,2409.21,2396.8,2412.15,2388.26,0.48
2024-07-24,2397.59,2408.94,2432.05,2396.5,-0.48
2024-07-25,2364.5,2398.49,2401.32,2353.19,-1.38
2024-07-26,2385.57,2364.3,2390.82,2355.89,0.89
2024-07-29,2383.54,2387.2,2403.23,2369.77,-0.09
2024-07-30,2408.43,2383.66,2413.0,2376.51,1.04
2024-07-31,2448.1,2410.09,2451.0,2410.17,1.6500000000000001
2024-08-01,2445.42,2448.1,2462.4,2430.25,-0.11
2024-08-02,2443.29,2445.16,2477.72,2410.83,-0.09
2024-08-05,2407.65,2443.27,2458.8,2364.4,-1.46
2024-08-06,2389.37,2410.01,2418.35,2381.79,-0.76
2024-08-07,2381.53,2389.67,2407.05,2379.05,-0.33
2024-08-08,2426.75,2382.43,2427.8,2380.7,1.9
2024-08-09,2430.93,2427.29,2437.15,2416.93,0.17
2024-08-12,2472.25,2431.21,2473.48,2423.84,1.7000000000000002
2024-08-13,2465.03,2472.64,2477.02,2458.5,-0.29
2024-08-14,2447.64,2467.4,2478.49,2438.12,-0.71
2024-08-15,2456.1,2448.15,2470.25,2432.19,0.35
2024-08-16,2507.28,2456.57,2509.89,2450.76,2.08
2024-08-19,2503.92,2508.4,2510.45,2485.83,-0.13
2024-08-20,2513.74,2501.55,2532.05,2497.33,0.39
2024-08-21,2511.95,2512.82,2520.09,2494.15,-0.07
2024-08-22,2483.29,2512.5,2514.82,2470.86,-1.14
2024-08-23,2512.07,2482.2,2518.45,2481.2,1.16
2024-08-26,2516.89,2511.43,2527.76,2508.71,0.19
2024-08-27,2524.57,2518.3,2526.27,2503.41,0.31
2024-08-28,2502.25,2522.74,2529.15,2493.66,-0.88
2024-08-29,2521.18,2504.65,2528.77,2503.65,0.76
2024-08-30,2503.03,2520.89,2527.07,2494.36,-0.72
2024-09-02,2499.29,2502.74,2507.5,2490.14,-0.15
2024-09-03,2492.76,2500.5,2506.44,2473.25,-0.26
2024-09-04,2494.19,2492.94,2500.2,2471.95,0.06
2024-09-05,2516.32,2495.5,2523.54,2493.76,0.89
2024-09-06,2497.03,2516.9,2529.3,2485.15,-0.77
2024-09-09,2505.25,2497.32,2507.42,2485.6,0.33
2024-09-10,2516.12,2506.84,2518.57,2500.16,0.43
2024-09-11,2511.44,2515.7,2529.4,2501.01,-0.19
2024-09-12,2558.75,2512.02,2560.21,2511.02,1.8799999999999997
2024-09-13,2576.5,2556.52,2586.18,2556.52,0.69
2024-09-16,2582.58,2578.06,2589.78,2575.4,0.24
2024-09-17,2569.52,2582.46,2587.01,2560.84,-0.51
2024-09-18,2558.8,2571.73,2600.21,2546.98,-0.42
2024-09-19,2586.48,2559.07,2594.89,2551.26,1.08
2024-09-20,2621.96,2587.5,2625.79,2584.81,1.37
2024-09-23,2628.4,2621.81,2635.54,2613.6,0.25
2024-09-24,2656.7,2628.92,2664.47,2622.58,1.08
2024-09-25,2656.82,2655.9,2670.6,2649.84,0.0
2024-09-26,2670.2,2657.32,2685.96,2654.56,0.5
2024-09-27,2657.97,2669.5,2674.4,2643.15,-0.45999999999999996
2024-09-30,2634.49,2658.3,2666.11,2624.78,-0.88
2024-10-01,2662.82,2635.41,2673.2,2631.98,1.08
2024-10-02,2657.75,2661.15,2663.85,2641.18,-0.19
2024-10-03,2655.9,2658.66,2663.4,2639.73,-0.07
2024-10-04,2652.25,2654.39,2670.15,2632.0,-0.14
2024-10-07,2643.58,2651.2,2659.91,2637.7,-0.33
2024-10-08,2621.94,2643.5,2653.09,2604.79,-0.8199999999999998
2024-10-09,2607.77,2620.19,2624.65,2605.18,-0.54
2024-10-10,2629.48,2608.14,2631.63,2604.15,0.83
2024-10-11,2656.0,2630.8,2661.55,2627.65,1.01
2024-10-14,2651.05,2657.21,2666.94,2643.16,-0.19
2024-10-15,2660.99,2651.75,2669.07,2638.31,0.37
2024-10-16,2673.24,2663.0,2685.73,2658.71,0.45999999999999996
2024-10-17,2692.55,2674.05,2696.8,2673.0,0.72
2024-10-18,2720.25,2692.41,2722.87,2691.48,1.03
2024-10-21,2719.65,2721.71,2740.61,2714.23,-0.02
2024-10-22,2748.38,2720.0,2749.47,2718.93,1.06
2024-10-23,2717.54,2749.52,2758.53,2708.79,-1.12
2024-10-24,2735.7,2717.99,2743.38,2715.72,0.67
2024-10-25,2747.69,2736.1,2747.97,2716.97,0.44
2024-10-28,2741.98,2734.84,2746.06,2724.72,-0.21
2024-10-29,2775.13,2743.7,2775.89,2739.82,1.21
2024-10-30,2786.19,2775.01,2790.09,2770.65,0.4
2024-10-31,2743.8,2787.75,2790.41,2731.65,-1.52
2024-11-01,2735.16,2742.5,2762.29,2733.2,-0.32
2024-11-04,2736.39,2734.1,2748.3,2729.78,0.05
2024-11-05,2743.59,2736.58,2750.06,2724.75,0.26
2024-11-06,2659.24,2743.88,2749.8,2652.44,-3.07
2024-11-07,2706.99,2659.36,2710.2,2643.5,1.8000000000000003
2024-11-08,2683.77,2707.37,2710.51,2680.36,-0.86
2024-11-11,2620.2,2684.81,2686.51,2610.62,-2.37
2024-11-12,2597.27,2620.31,2627.24,2589.79,-0.88
2024-11-13,2573.78,2597.41,2618.97,2573.0,-0.9000000000000001
2024-11-14,2566.19,2573.91,2581.61,2536.91,-0.29
2024-11-15,2561.24,2566.54,2576.09,2554.58,-0.19
2024-11-18,2612.2,2561.59,2615.17,2561.59,1.9900000000000002
2024-11-19,2631.68,2612.29,2639.69,2610.25,0.75
2024-11-20,2650.05,2631.8,2655.5,2618.7,0.7
2024-11-21,2669.69,2650.19,2673.86,2647.95,0.74
2024-11-22,2712.55,2669.84,2712.91,2667.38,1.6099999999999999
2024-11-25,2625.26,2715.1,2721.43,2615.7,-3.2199999999999998
2024-11-26,2631.89,2625.38,2642.05,2605.29,0.25
2024-11-27,2635.51,2632.16,2658.4,2627.06,0.14
2024-11-28,2640.96,2635.74,2650.12,2620.95,0.21
2024-11-29,2653.55,2641.2,2666.35,2634.11,0.48
2024-12-02,2638.93,2653.82,2656.21,2621.9,-0.55
2024-12-03,2643.44,2639.05,2655.71,2634.12,0.17
2024-12-04,2649.79,2643.57,2657.36,2632.5,0.24
2024-12-05,2632.05,2649.92,2655.62,2623.55,-0.67
2024-12-06,2632.91,2632.18,2645.69,2613.57,0.03
2024-12-09,2658.78,2635.52,2676.52,2627.47,0.98
2024-12-10,2693.64,2658.82,2695.79,2657.95,1.31
2024-12-11,2717.93,2693.76,2721.35,2674.58,0.9000000000000001
2024-12-12,2681.33,2718.07,2726.31,2675.04,-1.35
2024-12-13,2648.39,2681.47,2693.02,2645.9,-1.23
2024-12-16,2652.5,2649.1,2664.83,2643.34,0.16
2024-12-17,2645.54,2652.63,2659.22,2633.0,-0.26
2024-12-18,2587.63,2645.68,2652.08,2586.52,-2.19
2024-12-19,2593.85,2587.87,2626.73,2583.49,0.24
2024-12-20,2620.77,2593.97,2631.92,2589.56,1.04
2024-12-23,2612.93,2622.24,2633.6,2607.97,-0.3
2024-12-24,2613.2,2613.07,2621.83,2609.92,0.01
2024-12-26,2634.43,2619.79,2639.4,2614.13,0.8100000000000002
2024-12-27,2620.0,2634.59,2638.74,2611.3,-0.55
2024-12-30,2605.39,2620.3,2628.61,2595.9,-0.56
2024-12-31,2623.81,2606.13,2627.85,2602.5,0.71
2025-01-02,2657.16,2626.6,2660.85,2621.51,1.27
2025-01-03,2639.12,2657.29,2665.47,2636.4,-0.68
2025-01-06,2635.33,2641.0,2649.62,2614.6,-0.14
2025-01-07,2649.49,2636.02,2664.54,2632.57,0.54
2025-01-08,2662.06,2649.85,2670.6,2645.03,0.4699999999999999
2025-01-09,2670.19,2662.2,2675.42,2662.35,0.31
2025-01-10,2689.63,2670.74,2698.57,2663.65,0.73
2025-01-13,2662.12,2689.35,2693.77,2656.73,-1.02
2025-01-14,2677.16,2662.53,2678.44,2659.79,0.56
2025-01-15,2695.82,2677.29,2697.85,2669.04,0.7
2025-01-16,2713.77,2695.96,2724.86,2690.0,0.67
2025-01-17,2701.55,2713.85,2717.73,2698.41,-0.45000000000000007
2025-01-20,2708.06,2702.51,2714.4,2689.32,0.24
2025-01-21,2744.39,2709.01,2746.88,2702.49,1.34
2025-01-22,2755.02,2745.08,2763.72,2741.83,0.39
2025-01-23,2753.69,2755.96,2759.06,2735.85,-0.05
2025-01-24,2771.3,2754.06,2786.04,2752.56,0.64
2025-01-27,2741.1,2770.7,2773.02,2729.8,-1.09
2025-01-28,2763.11,2742.57,2765.18,2734.68,0.8
2025-01-29,2757.71,2763.48,2766.53,2744.71,-0.2
2025-01-30,2793.88,2757.9,2798.8,2757.24,1.31
2025-01-31,2801.0,2794.04,2817.57,2790.78,0.25
2025-02-03,2813.49,2801.4,2831.7,2771.69,0.45000000000000007
2025-02-04,2841.94,2814.8,2845.57,2806.9,1.01
2025-02-05,2865.09,2842.06,2882.53,2839.32,0.8100000000000002
2025-02-06,2856.5,2865.26,2873.74,2834.4,-0.3
2025-02-07,2860.39,2856.6,2886.96,2852.55,0.14
2025-02-10,2907.34,2864.08,2911.6,2854.69,1.6399999999999997
2025-02-11,2898.34,2907.47,2943.25,2881.76,-0.31
2025-02-12,2903.66,2898.9,2909.16,2864.01,0.18
2025-02-13,2929.03,2904.1,2929.74,2900.2,0.8699999999999999
2025-02-14,2883.18,2929.19,2940.23,2876.96,-1.5700000000000003
2025-02-17,2897.66,2883.55,2906.69,2887.2,0.5
2025-02-18,2935.58,2897.51,2937.46,2891.94,1.31
2025-02-19,2932.64,2935.73,2947.23,2918.5,-0.1
2025-02-20,2938.7,2932.81,2954.97,2924.2,0.21
2025-02-21,2936.03,2939.0,2950.01,2916.7,-0.09
2025-02-24,2951.19,2936.41,2956.37,2920.77,0.52
2025-02-25,2915.12,2951.82,2954.44,2888.06,-1.22
2025-02-26,2916.19,2915.42,2930.22,2890.99,0.04
2025-02-27,2876.19,2916.8,2920.96,2867.86,-1.37
2025-02-28,2858.6,2877.66,2885.34,2832.63,-0.61
2025-03-03,2893.71,2856.71,2895.45,2855.63,1.23
2025-03-04,2917.49,2894.05,2928.15,2881.81,0.8199999999999998
2025-03-05,2918.84,2917.59,2929.94,2894.19,0.05
2025-03-06,2909.99,2918.98,2926.88,2891.34,-0.3
2025-03-07,2910.79,2910.48,2930.56,2896.71,0.03
2025-03-10,2889.4,2912.17,2918.5,2880.3,-0.73
2025-03-11,2916.04,2888.72,2922.22,2880.34,0.9199999999999999
2025-03-12,2932.06,2916.85,2940.83,2906.19,0.55
2025-03-13,2987.75,2932.66,2989.64,2932.03,1.9
2025-03-14,2984.42,2988.38,3005.08,2978.41,-0.11
2025-03-17,3001.47,2985.8,3002.23,2982.13,0.57
2025-03-18,3033.95,2999.11,3038.45,2999.11,1.08
2025-03-19,3047.18,3032.2,3052.3,3022.73,0.44
2025-03-20,3044.41,3046.31,3057.51,3025.56,-0.09
2025-03-21,3023.63,3042.6,3047.66,2999.46,-0.68
2025-03-24,3012.27,3023.03,3033.44,3002.34,-0.38
2025-03-25,3019.85,3012.4,3035.94,3007.53,0.25
2025-03-26,3019.29,3020.13,3032.23,3012.38,-0.02
2025-03-27,3056.1,3019.56,3059.75,3017.26,1.22
2025-03-28,3084.03,3056.35,3086.93,3053.91,0.91
2025-03-31,3123.05,3086.54,3128.29,3076.62,1.27
2025-04-01,3110.55,3123.36,3149.11,3100.85,-0.4
2025-04-02,3133.57,3111.0,3140.36,3104.81,0.74
2025-04-03,3112.83,3134.16,3168.04,3054.19,-0.66
2025-04-04,3037.36,3113.16,3137.1,3015.64,-2.42
2025-04-07,2982.54,3038.02,3055.88,2956.6,-1.8000000000000003
2025-04-08,2983.78,2983.39,3022.84,2974.45,0.04
2025-04-09,3082.18,2984.08,3099.87,2970.01,3.3000000000000003
2025-04-10,3173.92,3083.75,3176.94,3071.03,2.98
2025-04-11,3236.21,3174.14,3245.69,3174.14,1.96
2025-04-14,3209.28,3237.35,3245.84,3193.41,-0.83
2025-04-15,3227.6,3210.21,3234.16,3209.36,0.57
2025-04-16,3343.22,3226.25,3345.19,3226.25,3.58
2025-04-17,3327.54,3344.41,3358.0,3283.87,-0.4699999999999999
2025-04-21,3424.3,3334.41,3430.93,3327.82,2.91
2025-04-22,3382.54,3421.57,3500.33,3366.74,-1.22
2025-04-23,3288.26,3382.55,3386.89,3260.5,-2.79
2025-04-24,3349.1,3288.43,3367.59,3287.77,1.8500000000000003
2025-04-25,3319.45,3347.2,3371.15,3265.25,-0.89
2025-04-28,3341.67,3328.4,3353.33,3267.81,0.67
2025-04-29,3317.18,3341.67,3349.08,3299.23,-0.73
2025-04-30,3288.59,3316.92,3328.36,3267.09,-0.86
2025-05-01,3241.0,3288.55,3290.94,3202.09,-1.45
2025-05-02,3240.88,3238.55,3269.49,3222.75,0.0
2025-05-05,3334.5,3240.0,3337.81,3237.81,2.89
2025-05-06,3430.21,3336.39,3435.17,3322.98,2.87
2025-05-07,3365.21,3430.21,3438.59,3360.2,-1.8900000000000001
2025-05-08,3305.52,3366.95,3414.96,3288.8,-1.77
2025-05-09,3324.63,3305.51,3347.64,3274.94,0.58
2025-05-12,3234.7,3324.98,3325.42,3207.67,-2.7
2025-05-13,3248.47,3233.4,3265.44,3215.96,0.43
2025-05-14,3178.75,3248.37,3257.39,3167.95,-2.15
2025-05-15,3240.87,3178.06,3241.26,3120.52,1.95
2025-05-16,3202.77,3239.11,3252.27,3154.32,-1.18
2025-05-19,3229.85,3214.6,3249.91,3205.98,0.8500000000000001
2025-05-20,3290.12,3229.85,3295.98,3204.4,1.87
2025-05-21,3314.99,3290.12,3325.14,3285.51,0.76
2025-05-22,3295.0,3316.49,3345.62,3279.55,-0.6
2025-05-23,3357.42,3297.15,3366.39,3287.24,1.8900000000000001
2025-05-26,3342.94,3354.3,3357.03,3323.91,-0.43
2025-05-27,3300.68,3344.0,3350.21,3285.7,-1.26
2025-05-28,3289.76,3300.7,3325.68,3276.31,-0.33
2025-05-29,3317.02,3286.36,3330.94,3245.55,0.83
2025-05-30,3289.4,3319.51,3322.95,3271.55,-0.83
2025-06-02,3380.21,3289.8,3383.24,3289.41,2.76
2025-06-03,3352.25,3379.99,3392.53,3333.08,-0.83
2025-06-04,3376.54,3352.56,3384.84,3343.76,0.72
2025-06-05,3354.16,3376.55,3403.55,3339.2,-0.66
2025-06-06,3310.17,3354.26,3375.74,3306.87,-1.31
2025-06-09,3328.33,3311.51,3338.43,3293.7,0.55
2025-06-10,3323.02,3328.58,3349.28,3301.92,-0.16
2025-06-11,3353.84,3322.52,3360.82,3315.23,0.93
2025-06-12,3385.29,3357.24,3399.16,3338.64,0.9399999999999998
2025-06-13,3432.64,3385.3,3447.02,3379.79,1.4
2025-06-16,3383.2,3431.54,3451.62,3382.4,-1.44
2025-06-17,3388.74,3383.2,3403.39,3366.25,0.16
2025-06-18,3369.09,3390.4,3400.05,3362.54,-0.58
2025-06-19,3370.75,3369.08,3388.07,3347.59,0.05
2025-06-20,3368.23,3370.82,3374.63,3340.38,-0.07
2025-06-23,3368.88,3367.17,3399.25,3347.25,0.02
2025-06-24,3324.2,3368.79,3371.01,3295.38,-1.33
2025-06-25,3332.46,3324.2,3337.23,3312.0,0.25
2025-06-26,3328.06,3332.47,3350.47,3310.01,-0.13
2025-06-27,3274.25,3328.06,3328.88,3255.72,-1.6200000000000003
2025-06-30,3303.69,3272.65,3309.58,3247.86,0.9000000000000001
2025-07-01,3339.21,3302.87,3358.09,3301.52,1.08
2025-07-02,3357.36,3338.36,3360.08,3327.6,0.54
2025-07-03,3326.57,3357.36,3365.81,3311.7,-0.9199999999999999
2025-07-04,3336.64,3326.44,3345.15,3323.59,0.3
2025-07-07,3335.61,3335.95,3343.29,3296.41,-0.03
2025-07-08,3300.7,3335.99,3345.94,3287.17,-1.05
2025-07-09,3313.72,3298.73,3317.05,3282.8,0.39
2025-07-10,3323.07,3313.7,3330.47,3310.23,0.28
2025-07-11,3355.91,3325.63,3368.89,3321.37,0.9899999999999999
2025-07-14,3343.8,3355.91,3374.94,3341.1,-0.36
2025-07-15,3322.63,3343.8,3366.58,3320.27,-0.63
2025-07-16,3346.58,3322.63,3377.5,3319.69,0.72
2025-07-17,3338.95,3346.59,3352.5,3309.9,-0.22999999999999998
2025-07-18,3350.4,3338.76,3361.41,3331.75,0.34
2025-07-21,3395.8,3348.62,3401.85,3344.48,1.36
2025-07-22,3431.5,3395.81,3433.56,3383.29,1.05
2025-07-23,3387.78,3431.26,3439.09,3381.45,-1.27
2025-07-24,3368.15,3387.79,3393.47,3351.4,-0.58
2025-07-25,3337.18,3369.29,3373.73,3325.05,-0.9199999999999999
2025-07-28,3314.64,3335.0,3345.56,3301.66,-0.68
2025-07-29,3326.84,3316.54,3334.21,3307.95,0.37
2025-07-30,3275.25,3324.01,3334.21,3268.15,-1.55
2025-07-31,3290.32,3275.91,3314.98,3273.77,0.45999999999999996
2025-08-01,3362.88,3290.83,3363.55,3281.55,2.21
2025-08-04,3373.37,3365.1,3385.56,3345.0,0.31
2025-08-05,3381.27,3373.38,3390.62,3349.89,0.22999999999999998
2025-08-06,3369.04,3379.69,3385.47,3358.26,-0.36
2025-08-07,3397.31,3366.11,3402.71,3364.77,0.84
2025-08-08,3398.78,3397.28,3408.83,3379.61,0.04
2025-08-11,3344.83,3398.5,3405.1,3340.82,-1.59
2025-08-12,3346.2,3342.64,3359.27,3331.03,0.04
2025-08-13,3354.73,3346.2,3370.9,3342.65,0.25
2025-08-14,3336.5,3354.73,3374.97,3329.85,-0.54
2025-08-15,3335.39,3336.5,3349.02,3332.16,-0.03
2025-08-18,3330.55,3338.0,3358.5,3323.52,-0.15
2025-08-19,3315.46,3332.38,3345.46,3314.88,-0.45000000000000007
2025-08-20,3347.11,3315.46,3350.5,3311.46,0.95
2025-08-21,3338.81,3347.38,3353.25,3325.27,-0.25
2025-08-22,3372.11,3338.76,3379.01,3321.49,1.0
2025-08-25,3366.79,3371.23,3376.47,3359.69,-0.16
2025-08-26,3392.88,3366.78,3394.33,3351.26,0.77
2025-08-27,3397.42,3392.88,3398.94,3373.76,0.13
2025-08-28,3417.2,3394.18,3423.36,3384.46,0.58
2025-08-29,3448.0,3418.2,3454.08,3404.29,0.9000000000000001
2025-09-01,3476.47,3448.0,3490.06,3436.8,0.83
2025-09-02,3533.73,3478.36,3540.64,3470.2,1.6500000000000001
2025-09-03,3559.43,3535.69,3578.8,3526.26,0.73
2025-09-04,3546.17,3560.57,3564.45,3511.19,-0.37
2025-09-05,3586.81,3547.0,3600.33,3540.05,1.15
2025-09-08,3635.84,3586.82,3646.6,3579.67,1.37
2025-09-09,3626.48,3637.1,3674.75,3625.33,-0.26
2025-09-10,3640.74,3629.05,3657.77,3619.58,0.39
2025-09-11,3634.09,3642.6,3649.27,3614.01,-0.18
2025-09-12,3643.13,3635.01,3656.86,3630.48,0.25
2025-09-15,3679.13,3644.4,3685.65,3626.6,0.9899999999999999
2025-09-16,3689.8,3678.84,3703.23,3674.66,0.29
2025-09-17,3660.04,3691.8,3707.7,3645.44,-0.8100000000000002
2025-09-18,3644.36,3659.4,3673.18,3627.89,-0.43
2025-09-19,3684.98,3645.04,3686.33,3632.28,1.11
2025-09-22,3746.47,3686.8,3749.25,3683.62,1.67
2025-09-23,3764.19,3746.47,3791.11,3736.73,0.4699999999999999
2025-09-24,3736.29,3765.78,3779.54,3717.3,-0.74
2025-09-25,3749.37,3736.67,3761.66,3722.04,0.35
2025-09-26,3760.24,3748.18,3783.88,3734.58,0.29
2025-09-29,3833.93,3758.59,3834.58,3757.62,1.96
2025-09-30,3858.51,3833.84,3871.87,3793.18,0.64
2025-10-01,3865.8,3858.84,3895.45,3853.44,0.19
2025-10-02,3856.53,3866.66,3897.2,3819.51,-0.24
2025-10-03,3886.83,3857.92,3891.85,3838.05,0.79
2025-10-06,3961.09,3888.45,3970.24,3883.93,1.91
2025-10-07,3983.82,3962.48,3991.18,3940.75,0.57
2025-10-08,4038.9,3983.82,4059.34,3982.86,1.38
2025-10-09,3976.29,4042.69,4058.09,3944.8,-1.55
2025-10-10,4018.3,3977.58,4022.96,3946.8,1.06
2025-10-13,4110.7,4018.79,4117.14,4008.8,2.3
2025-10-14,4142.31,4108.98,4180.39,4090.49,0.77
2025-10-15,4208.58,4144.4,4218.42,4140.45,1.6
2025-10-16,4326.18,4209.81,4330.91,4199.6,2.79
2025-10-17,4249.98,4328.75,4379.44,4186.91,-1.76
2025-10-20,4356.5,4251.82,4381.6,4218.81,2.51
2025-10-21,4125.1,4355.55,4375.59,4086.47,-5.31
2025-10-22,4094.07,4123.1,4161.65,4004.69,-0.75
2025-10-23,4126.17,4095.57,4154.96,4065.49,0.78
2025-10-24,4112.1,4127.13,4144.7,4044.7,-0.34
2025-10-27,3981.59,4065.35,4109.33,3971.34,-3.17
2025-10-28,3952.58,3983.41,4020.11,3886.49,-0.73
2025-10-29,3930.38,3952.52,4030.4,3917.12,-0.56
2025-10-30,4024.47,3931.15,4027.44,3915.17,2.39
2025-10-31,4002.28,4024.37,4046.0,3972.45,-0.55
2025-11-03,4001.67,4002.28,4030.7,3962.85,-0.02
2025-11-04,3932.05,4001.67,4006.0,3928.66,-1.7399999999999998
2025-11-05,3982.62,3932.06,3990.6,3929.61,1.29
2025-11-06,3977.87,3982.59,4019.84,3964.46,-0.12
2025-11-07,3999.72,3977.92,4027.63,3974.41,0.55
2025-11-10,4115.9,3999.94,4116.26,3997.87,2.9
2025-11-11,4126.68,4115.91,4149.2,4097.09,0.26
2025-11-12,4198.73,4126.68,4211.96,4098.76,1.7500000000000002
2025-11-13,4171.46,4198.75,4245.2,4145.41,-0.65
2025-11-14,4079.58,4171.47,4211.68,4032.32,-2.2
2025-11-17,4044.61,4082.02,4106.85,4006.83,-0.86
2025-11-18,4067.88,4044.61,4082.69,3997.99,0.58
2025-11-19,4081.66,4067.86,4133.04,4055.23,0.34
2025-11-20,4077.5,4081.66,4110.17,4038.73,-0.1
2025-11-21,4065.9,4077.54,4101.37,4022.7,-0.28
2025-11-24,4139.7,4066.47,4140.13,4040.03,1.82
2025-11-25,4131.15,4139.66,4159.45,4109.72,-0.21
2025-11-26,4164.59,4131.15,4173.7,4128.99,0.8100000000000002
2025-11-27,4157.57,4164.53,4169.0,4142.57,-0.17
2025-11-28,4230.63,4157.57,4231.51,4157.15,1.76
2025-12-01,4232.73,4223.93,4264.74,4205.87,0.05
2025-12-02,4208.14,4232.72,4236.28,4163.01,-0.58
2025-12-03,4206.22,4208.14,4242.0,4194.39,-0.05
2025-12-04,4208.69,4206.15,4219.46,4174.6,0.06
2025-12-05,4197.13,4208.69,4259.55,4191.95,-0.27
2025-12-08,4189.05,4197.19,4219.31,4176.34,-0.19
2025-12-09,4209.54,4189.0,4221.67,4170.0,0.49
2025-12-10,4228.55,4209.56,4239.1,4181.68,0.45000000000000007
2025-12-11,4283.28,4228.53,4286.24,4203.98,1.29
2025-12-12,4302.43,4283.26,4353.72,4257.6,0.45000000000000007
2025-12-15,4302.7,4299.0,4350.5,4285.21,0.01
2025-12-16,4303.8,4302.58,4335.16,4271.34,0.03
2025-12-17,4341.08,4303.8,4349.13,4301.27,0.8699999999999999
2025-12-18,4332.4,4341.06,4374.69,4308.6,-0.2
2025-12-19,4338.55,4332.33,4356.65,4309.01,0.14
2025-12-22,4445.95,4338.98,4449.6,4337.9,2.48
2025-12-23,4488.82,4445.62,4499.87,4429.92,0.96
2025-12-24,4479.64,4488.81,4525.71,4448.27,-0.2
2025-12-25,4495.35,4487.1,4500.35,4483.59,0.35
2025-12-26,4532.63,4479.64,4550.11,4475.1,0.83
2025-12-29,4332.08,4540.7,4550.1,4303.75,-4.42
2025-12-30,4346.51,4332.09,4404.51,4323.33,0.33
2025-12-31,4315.09,4346.47,4373.89,4274.51,-0.72
